brand,discount_percent,title,categories,link
Karl Lagerfeld,60,Parisian Styles: Karl Lagerfeld Paris Up To 60% off,"Accessories & Bags, Clothing, Footwear, Menswear, Womenswear",https://www.mcarthurglen.com/en/outlets/ca/designer-outlet-vancouver/offers/karl-lagerfeld/
ecco,40,Buy one get one 40% off footwear*,"Accessories & Bags, Footwear",https://www.mcarthurglen.com/en/outlets/ca/designer-outlet-vancouver/offers/ecco/
Jimmy Choo,25,Enjoy 25% off*,"Luxury, Accessories & Bags, Clothing, Footwear",https://www.mcarthurglen.com/en/outlets/ca/designer-outlet-vancouver/offers/jimmy-choo/
Lindt,25,Members save 25% on select boxes!,"Gifting , Confectionery",https://www.mcarthurglen.com/en/outlets/ca/designer-outlet-vancouver/offers/lindt/
crocs,25,25% off entire purchase*,"Children, Footwear",https://www.mcarthurglen.com/en/outlets/ca/designer-outlet-vancouver/offers/crocs/
Kate Spade,20,Extra 20% off*,"Accessories & Bags, Clothing, Footwear, Gifting , Jewellery & Watches",https://www.mcarthurglen.com/en/outlets/ca/designer-outlet-vancouver/offers/kate-spade/
Unknown,20,"Spend $300, Save an Additional 20% Off*","Luxury, Accessories & Bags, Clothing",https://www.mcarthurglen.com/en/outlets/ca/designer-outlet-vancouver/offers/diesel/
Maje,15,Enjoy an additional 15% off*,"Accessories & Bags, Clothing, Footwear, Womenswear",https://www.mcarthurglen.com/en/outlets/ca/designer-outlet-vancouver/offers/maje/
Max Mara,,Extra Savings Event,"Luxury, Clothing",https://www.mcarthurglen.com/en/outlets/ca/designer-outlet-vancouver/offers/max-mara/
QE Home,,New Fall Duvet Covers + FREE Pillow Shams! 🍂,"Gifting , Home",https://www.mcarthurglen.com/en/outlets/ca/designer-outlet-vancouver/offers/qe-home/
